{"cameraMode":{"drawMode":0,"name":"Shaded","section":"Shading Mode"},"sceneLighting":true,"audioPlay":false,"sceneViewState":{"showFog":true,"showMaterialUpdate":false,"showSkybox":true,"showFlares":true,"showImageEffects":true,"showParticleSystems":true},"in2DMode":false,"pivot":{"x":-8.613883018493653,"y":0.33669549226760867,"z":-2.7940871715545656},"rotation":{"x":-0.025246964767575265,"y":-0.9584019780158997,"z":0.08969388902187348,"w":-0.26991772651672366},"size":3.6159627437591554,"orthographic":false}